<xml>
    <object name="ReceiverActivity" singleinstance="true" settings="false" category="System">
        <description>Monitors which receiver channels have been active within the last second.</description>
	<field name="ActiveGroup" units="Channel Group" type="enum" elements="1"
           options="PWM,PPM,DSM (MainPort),DSM (FlexiPort),DSM (RcvrPort),S.Bus,EX.Bus,HoTT,SRXL,GCS,OPLink,OpenLRS,None"
	       defaultvalue="None"/>
	<field name="ActiveChannel" units="channel" type="uint8" elements="1"
	       defaultvalue="255"/>
        <access gcs="readonly" flight="readwrite"/>
        <telemetrygcs acked="false" updatemode="manual" period="0"/>
        <telemetryflight acked="false" updatemode="onchange" period="0"/>
        <logging updatemode="manual" period="0"/>
    </object>
</xml>
