<xml>
    <object name="VtolPathFollowerSettings" singleinstance="true" settings="true" category="Control">
        <description>Settings for the @ref VtolPathFollowerModule</description>
	<field name="TreatCustomCraftAs" units="switch" type="enum" elements="1" options="FixedWing,VTOL,Ground" defaultvalue="FixedWing"/>
        <field name="HorizontalVelMax" units="m/s" type="float" elements="1" defaultvalue="10.0" description="maximum allowed horizontal movement velocity"/>
        <field name="VerticalVelMax" units="m/s" type="float" elements="1" defaultvalue="4.0" description="maximum allowed climb/dive velocity"/>
        <field name="CourseFeedForward" units="s" type="float" elements="1" defaultvalue="1.0"/>
        <field name="HorizontalPosP" units="(m/s)/m" type="float" elements="1" defaultvalue="0.25"/>
        <field name="VerticalPosP" units="" type="float" elements="1" defaultvalue="0.3"/>
        <field name="HorizontalVelPID" units="deg/(m/s)" type="float" elementnames="Kp,Ki,Kd,Beta" defaultvalue="8.0, 0.5, 0.001, 0.95"/>
        <field name="VerticalVelPID" units="(m/s^2)/(m/s)" type="float" elementnames="Kp,Ki,Kd,Beta" defaultvalue="0.15, 0.25, 0.005, 0.95"/>
        <field name="ThrustLimits" units="" type="float" elementnames="Min,Neutral,Max" defaultvalue="0.2, 0.5, 0.9"/>
        <field name="VelocityFeedforward" units="deg/(m/s)" type="float" elements="1" defaultvalue="2"/>
        <field name="ThrustControl" units="" type="enum" elements="1" options="manual,auto" defaultvalue="auto"/>
        <field name="YawControl" units="" type="enum" elements="1" options="manual,tailin,movementdirection,pathdirection,poi" defaultvalue="manual"/>
	<field name="FlyawayEmergencyFallback" units="switch" type="enum" elements="1" options="disabled,enabled,always,debugtest" defaultvalue="enabled"/>
	<field name="FlyawayEmergencyFallbackTriggerTime" units="s" type="float" elements="1" defaultvalue="10.0"/>
	<field name="EmergencyFallbackAttitude" units="deg" type="float" elementnames="Roll,Pitch" defaultvalue="0,-20.0"/>
	<field name="EmergencyFallbackYawRate" units="(deg/s)/deg" type="float" elementnames="kP,Max" defaultvalue="2.0, 30.0"/>
        <field name="MaxRollPitch" units="deg" type="float" elements="1" defaultvalue="25"/>
        <field name="UpdatePeriod" units="ms" type="uint16" elements="1" defaultvalue="20"/>
        <field name="BrakeRate" units="m/s2" type="float" elements="1" defaultvalue="2.5"/>
        <field name="BrakeMaxPitch" units="deg" type="float" elements="1" defaultvalue="25"/>
        <field name="BrakeHorizontalVelPID" units="deg/(m/s)" type="float" elementnames="Kp,Ki,Kd,Beta" defaultvalue="18.0, 0.0, 0.001, 0.95"/>
        <field name="BrakeVelocityFeedforward" units="deg/(m/s)" type="float" elements="1" defaultvalue="0"/>
        <field name="LandVerticalVelPID" units="" type="float" elementnames="Kp,Ki,Kd,Beta" defaultvalue="0.42, 3.0, 0.02, 0.95"/>
        <field name="AutoTakeoffVerticalVelPID" units="" type="float" elementnames="Kp,Ki,Kd,Beta" defaultvalue="0.42, 3.0, 0.02, 0.95"/>
        <field name="VelocityRoamMaxRollPitch" units="deg" type="float" elements="1" defaultvalue="20"/>
        <field name="VelocityRoamHorizontalVelPID" units="deg/(m/s)" type="float" elementnames="Kp,Ki,Kd,Beta" defaultvalue="12.0, 0.5, 0.001, 0.95"/>
        <access gcs="readwrite" flight="readwrite"/>
        <telemetrygcs acked="true" updatemode="onchange" period="0"/>
        <telemetryflight acked="true" updatemode="onchange" period="0"/>
        <logging updatemode="manual" period="0"/>
    </object>
</xml>
