<xml>
    <object name="CameraDesired" singleinstance="true" settings="false" category="Control">
        <description>Desired camera outputs.  Comes from @ref CameraStabilization module.</description>
        <field name="RollOrServo1" units="" type="float" elements="1"/>
        <field name="PitchOrServo2" units="" type="float" elements="1"/>
        <field name="Yaw" units="" type="float" elements="1"/>
        <field name="Trigger" units="" type="float" elements="1"/>
        <access gcs="readwrite" flight="readwrite"/>
        <telemetrygcs acked="false" updatemode="manual" period="0"/>
        <telemetryflight acked="false" updatemode="throttled" period="1000"/>
        <logging updatemode="manual" period="0"/>
    </object>
</xml>
