<xml>
    <object name="CameraControlActivity" singleinstance="true" settings="false" category="State">
        <description>Contains position and timestamp of each camera operation</description>
        <field name="Latitude" units="degrees x 10^-7" type="int32" elements="1"/>
        <field name="Longitude" units="degrees x 10^-7" type="int32" elements="1"/>
        <field name="Altitude" units="m" type="float" elements="1"/>
        <field name="Roll" units="degrees" type="float" elements="1"/>
        <field name="Pitch" units="degrees" type="float" elements="1"/>
        <field name="Yaw" units="degrees" type="float" elements="1"/>
        <field name="ImageId" units="" type="uint16" elements="1"/>
        <field name="TriggerMonth" units="" type="int8" elements="1"/>
        <field name="TriggerDay" units="" type="int8" elements="1"/>
        <field name="TriggerYear" units="" type="int16" elements="1"/>
        <field name="TriggerHour" units="" type="int8" elements="1"/>
        <field name="TriggerMinute" units="" type="int8" elements="1"/>
        <field name="TriggerSecond" units="" type="int8" elements="1"/>
        <field name="TriggerMillisecond" units="ms" type="int16" elements="1"/>
        <field name="Activity" units="" type="enum" elements="1" options="Idle,TriggerPicture,StartVideo,StopVideo" default="None"/>
        <field name="Reason" units="" type="enum" elements="1" options="Manual,AutoDistance,AutoTime" default="Manual"/>
        <field name="SystemTS" units="ms" type="uint32" elements="1"/>
        <access gcs="readwrite" flight="readwrite"/>
        <telemetrygcs acked="false" updatemode="manual" period="0"/>
        <telemetryflight acked="false" updatemode="periodic" period="1000"/>
	<logging updatemode="manual" period="0"/>
    </object>
</xml>