<xml>
    <object name="HwPikoBLXSettings" singleinstance="true" settings="true" category="System">
        <description>Furious FPV Piko BLX Micro Flight Controller hardware configuration</description>
        <field name="UARTPort" units="function" type="enum" elements="3" options="Disabled,Telemetry,GPS,S.Bus,DSM,EX.Bus,HoTT SUMD,HoTT SUMH,SRXL,IBus,DebugConsole,ComBridge,MSP,MAVLink,HoTT Telemetry,FrskySensorHub" defaultvalue="Disabled" limits=";;%EQ:Disabled:S.Bus:DSM:EX.Bus:HoTT SUMD:HoTT SUMH:SRXL:IBus"/>
        <field name="LEDPort" units="function" type="enum" elements="1" options="Disabled,WS281x" defaultvalue="Disabled"/>
        <field name="PPMPort" units="function" type="enum" elements="1" options="Disabled,Enabled" defaultvalue="Disabled"/>
        <access gcs="readwrite" flight="readwrite"/>
        <telemetrygcs acked="true" updatemode="onchange" period="0"/>
        <telemetryflight acked="true" updatemode="onchange" period="0"/>
        <logging updatemode="manual" period="0"/>
    </object>
</xml>
