<xml>
	<object name="OPLinkSettings" singleinstance="true" settings="true" category="System">
		<description>OPLink configurations options.</description>
                <field name="Coordinator" units="" type="enum" elements="1" options="False,True" defaultvalue="False"/>
                <field name="OneWay" units="" type="enum" elements="1" options="False,True" defaultvalue="False"/>
                <field name="PPM" units="" type="enum" elements="1" options="False,True" defaultvalue="False"/>
                <field name="PPMOnly" units="" type="enum" elements="1" options="False,True" defaultvalue="False"/>
		<field name="CoordID" units="hex" type="uint32" elements="1" defaultvalue="0"/>
		<field name="MainPort" units="" type="enum" elements="1" options="Disabled,Telemetry,Serial,PPM,PWM" defaultvalue="Disabled"/>
		<field name="FlexiPort" units="" type="enum" elements="1" options="Disabled,Telemetry,Serial,PPM,PWM" defaultvalue="Disabled"/>
		<field name="VCPPort" units="" type="enum" elements="1" options="Disabled,Serial" defaultvalue="Disabled"/>
		<field name="ComSpeed" units="bps" type="enum" elements="1" options="4800,9600,19200,38400,57600,115200" defaultvalue="38400"/>
		<field name="MaxRFPower" units="mW" type="enum" elements="1" options="0,1.25,1.6,3.16,6.3,12.6,25,50,100" defaultvalue="0"/>
		<field name="MinChannel" units="" type="uint8" elements="1" defaultvalue="0"/>
		<field name="MaxChannel" units="" type="uint8" elements="1" defaultvalue="250"/>

		<access gcs="readwrite" flight="readwrite"/>
		<telemetrygcs acked="true" updatemode="onchange" period="0"/>
		<telemetryflight acked="true" updatemode="onchange" period="0"/>
		<logging updatemode="manual" period="0"/>
	</object>
</xml>
