<xml>
    <object name="SystemIdentSettings" singleinstance="true" settings="true" category="Control">
        <description>The input to the PID tuning.</description>
        <field name="Tau" units="ln(sec)" type="float" elements="1" defaultvalue="-4.0"/>
        <!-- Beta default valuses 10.0 10.0 7.0 so that SystemIdent mode can be run without AutoTune -->
        <field name="Beta" units="" type="float" elementnames="Roll,Pitch,Yaw" defaultvalue="10.0,10.0,7.0"/>
        <!-- Decrease damping to make your aircraft response more rapidly. Increase it for more stability. -->
        <!-- Increasing noise (sensitivity) will make your aircraft respond more rapidly, but will cause twitches due to noise. -->
        <!-- Use RateDamp 130 with RateNoise 08 for very smooth flight. -->
        <!-- Use RateDamp 110 with RateNoise 10 for default flight. -->
        <!-- Use RateDamp 100 with RateNoise 13 for very snappy flight. -->
        <!-- RateNoise is [0,30] default 10. -->
        <!-- RateDamp is [50,150] default 110. -->
        <field name="DampMin" units="" type="uint8" elements="1" defaultvalue="100"/>
        <field name="DampRate" units="" type="uint8" elements="1" defaultvalue="110"/>
        <field name="DampMax" units="" type="uint8" elements="1" defaultvalue="130"/>
        <field name="NoiseMin" units="" type="uint8" elements="1" defaultvalue="8"/>
        <field name="NoiseRate" units="" type="uint8" elements="1" defaultvalue="10"/>
        <field name="NoiseMax" units="" type="uint8" elements="1" defaultvalue="13"/>
        <field name="CalculateYaw" units="" type="enum" elements="1" options="False,True,TrueIgnoreError" defaultvalue="True"/>
        <field name="YawBetaMin" units="" type="float" elements="1" defaultvalue="5.6"/>
        <!-- Mateuze quad needs yaw P to be at most 2.6 times roll/pitch P to avoid yaw oscillation -->
        <!-- Cliff sluggish 500 quad would like yaw P to be about 5.8 times roll/pitch P, but can easily live with 2.6 -->
        <field name="YawToRollPitchPIDRatioMin" units="" type="float" elements="1" defaultvalue="1.0"/>
        <field name="YawToRollPitchPIDRatioMax" units="" type="float" elements="1" defaultvalue="2.6"/>
        <field name="YawPIDRatioFunction" units="" type="enum" elements="1" options="Disable,Limit" defaultvalue="Limit"/>
        <field name="DestinationPidBank" units="bank#" type="uint8" elements="1" defaultvalue="2"/>
        <field name="TuningDuration" units="sec" type="uint8" elements="1" defaultvalue="60"/>
        <!-- smooth vs. quick PID selector: -->
        <!--  0 = disabled -->
        <!-- 10 thru 13 correspond to accessory0 -> accessory3 transmitter knobs -->
        <!-- 23 and 25 are discrete 3 and 5 stop rount robin selectors accessed by quickly toggling the fms 3 times -->
        <!-- 23 (3 stops) means stops at 0%, 100%, -100% (repeat) -->
        <!-- 25 (5 stops) means stops at 0%, 50%, 100%, -100%, -50% (repeat) -->
        <field name="SmoothQuickSource" units="" type="uint8" elements="1" defaultvalue="25"/>
        <field name="DisableSanityChecks" units="bool" type="enum" elements="1" options="False,True" defaultvalue="False"/>
        <field name="Complete" units="bool" type="enum" elements="1" options="False,True" defaultvalue="False"/>
        <access gcs="readwrite" flight="readwrite"/>
        <telemetrygcs acked="true" updatemode="onchange" period="0"/>
        <telemetryflight acked="true" updatemode="onchange" period="0"/>
        <logging updatemode="manual" period="0"/>
    </object>
</xml>
