<xml>
    <object name="TemperatureState" singleinstance="true" settings="false" category="Sensors">
        <description>Temperature status information.</description> 
        <field name="Temperature1" units="C" type="float" elements="1" description="NTC temp sensor"/>
        <field name="Temperature2" units="C" type="float" elements="1" description="LM35 temp sensor"/>
        <access gcs="readonly" flight="readwrite"/>
        <telemetrygcs acked="false" updatemode="manual" period="0"/>
        <telemetryflight acked="false" updatemode="periodic" period="1000"/>
        <logging updatemode="manual" period="0"/>
    </object>
</xml>
