<xml>
    <object name="SystemIdentState" singleinstance="true" settings="false" category="State">
        <description>The input to the PID tuning.</description>
        <field name="Tau" units="ln(sec)" type="float" elements="1" defaultvalue="-4.0"/>
        <!-- Beta default valuses 10.0 10.0 7.0 so that SystemIdent mode can be run without AutoTune -->
        <field name="Beta" units="" type="float" elementnames="Roll,Pitch,Yaw" defaultvalue="10.0,10.0,7.0"/>
        <field name="Bias" units="" type="float" elementnames="Roll,Pitch,Yaw" defaultvalue="0"/>
        <field name="Noise" units="(deg/s)^2" type="float" elementnames="Roll,Pitch,Yaw" defaultvalue="0"/>
        <field name="Period" units="ms" type="float" elements="1" defaultvalue="0"/>
        <field name="NumAfPredicts" units="" type="uint32" elements="1" defaultvalue="0"/>
        <field name="NumSpilledPts" units="" type="uint32" elements="1" defaultvalue="0"/>
        <field name="HoverThrottle" units="%/100" type="float" elements="1" defaultvalue="0"/>
        <field name="GyroReadTimeAverage" units="s" type="float" elements="1" defaultvalue="0.001"/>
        <field name="Complete" units="bool" type="enum" elements="1" options="False,True" defaultvalue="False"/>
        <access gcs="readwrite" flight="readwrite"/>
        <telemetrygcs acked="false" updatemode="manual" period="0"/>
        <telemetryflight acked="false" updatemode="periodic" period="1000"/>
        <logging updatemode="manual" period="0"/>
    </object>
</xml>
